pcon,leftright,lower,upper,libauth,lower,upper,ons_id,pctright,pctauth
Aberavon,0.22442899,0.190932018,0.255041757,0.320437552,0.27590992,0.360396645,W07000049,22.44289896,67.95624482
Aberconwy,0.264889526,0.227639679,0.304615727,0.323821164,0.280984052,0.359775349,W07000058,26.48895258,67.61788357
Aberdeen North,0.217757396,0.187589768,0.253603897,0.356532163,0.31672206,0.390076232,S14000001,21.77573963,64.34678365
Aberdeen South,0.249339946,0.212123737,0.28304421,0.384856972,0.349585471,0.422766297,S14000002,24.93399458,61.51430279
Airdrie and Shotts,0.213675257,0.179025721,0.247053933,0.319631383,0.275296242,0.35978889,S14000003,21.36752569,68.0368617
Aldershot,0.271074337,0.239841577,0.300345777,0.308082102,0.266099736,0.338521539,E14000530,27.10743373,69.19178985
Aldridge-Brownhills,0.27940142,0.251425712,0.308178705,0.27521751,0.238958164,0.31090785,E14000531,27.94014197,72.47824898
Altrincham and Sale West,0.279694582,0.252325112,0.311995287,0.349862559,0.306779145,0.386206271,E14000532,27.9694582,65.01374413
Alyn and Deeside,0.254850938,0.214739929,0.284982658,0.328085692,0.289094393,0.36820628,W07000043,25.48509375,67.19143081
Amber Valley,0.258570785,0.217214655,0.291397664,0.308560857,0.273426702,0.351640172,E14000533,25.85707854,69.14391433
Angus,0.230262045,0.195952183,0.260834719,0.31190944,0.270183273,0.351683049,S14000004,23.02620449,68.80905602
Arfon,0.220220583,0.165287522,0.281589458,0.375468937,0.311024616,0.438573972,W07000057,22.02205827,62.45310627
Argyll and Bute,0.243440024,0.210458056,0.272743004,0.346528893,0.31029193,0.385773143,S14000005,24.34400244,65.3471107
Arundel and South Downs,0.29533609,0.264916194,0.321456438,0.336458158,0.297109447,0.370832159,E14000534,29.53360904,66.35418418
Ashfield,0.232772136,0.190427267,0.276134943,0.305109097,0.25020569,0.35464693,E14000535,23.27721356,69.48909032
Ashford,0.27959405,0.24997525,0.313820345,0.31089608,0.280171902,0.342946188,E14000536,27.959405,68.91039202
Ashton-under-Lyne,0.236407166,0.209957276,0.266225826,0.280712194,0.24380562,0.320834825,E14000537,23.64071659,71.92878061
Aylesbury,0.277303585,0.248620529,0.306955732,0.32554126,0.282744931,0.359600119,E14000538,27.73035847,67.44587401
"Ayr, Carrick and Cumnock",0.242522431,0.206585666,0.27946719,0.31356987,0.273171661,0.350273286,S14000006,24.25224305,68.64301305
Banbury,0.279512568,0.245210667,0.309788569,0.336027849,0.304299389,0.374576825,E14000539,27.95125677,66.39721508
Banff and Buchan,0.240767942,0.206558169,0.273826013,0.286167153,0.24629853,0.326850439,S14000007,24.07679416,71.3832847
Barking,0.230251151,0.196174903,0.262729572,0.292018198,0.255508875,0.326407021,E14000540,23.02511506,70.79818017
Barnsley Central,0.219113741,0.175282744,0.265004415,0.307095446,0.257675783,0.35420999,E14000541,21.91137408,69.29045535
Barnsley East,0.220972966,0.175874675,0.263011205,0.295909274,0.249558149,0.340732322,E14000542,22.09729657,70.40907263
Barrow and Furness,0.265469397,0.233554971,0.299371226,0.301445544,0.268713097,0.340452808,E14000543,26.54693969,69.85544563
Basildon and Billericay,0.266756334,0.226917783,0.297319791,0.300245636,0.261586967,0.337511366,E14000544,26.67563345,69.9754364
Basingstoke,0.267540952,0.228576156,0.298618651,0.326169378,0.283880842,0.358453427,E14000545,26.75409522,67.38306218
Bassetlaw,0.253113348,0.222115486,0.290471163,0.295899015,0.25171767,0.332291509,E14000546,25.31133483,70.41009851
Bath,0.271275433,0.234964334,0.310501054,0.425853483,0.378561532,0.470229897,E14000547,27.1275433,57.41465174
Batley and Spen,0.223863868,0.186425787,0.260717794,0.299128036,0.257215572,0.337226589,E14000548,22.38638679,70.08719643
Battersea,0.277596052,0.245305745,0.30859462,0.418170575,0.380084248,0.460129284,E14000549,27.75960522,58.1829425
Beaconsfield,0.298600024,0.249705451,0.346091415,0.357074642,0.298972274,0.411588156,E14000550,29.86000237,64.29253576
Beckenham,0.29695159,0.26780979,0.329354223,0.337046758,0.300949366,0.37342285,E14000551,29.69515898,66.29532416
Bedford,0.258058051,0.22962092,0.293769227,0.327737766,0.293149606,0.365948352,E14000552,25.80580509,67.22622345
Bermondsey and Old Southwark,0.246849359,0.209418073,0.280283998,0.388567918,0.350832618,0.430726367,E14000553,24.68493594,61.14320821
"Berwickshire, Roxburgh and Selkirk",0.261303578,0.233577747,0.296674432,0.323356079,0.286482448,0.360364021,S14000008,26.13035777,67.66439214
Berwick-Upon-Tweed,0.258242432,0.227160516,0.29538249,0.307250285,0.261192017,0.34984446,E14000554,25.82424323,69.27497153
Bethnal Green and Bow,0.218707292,0.188383342,0.254191149,0.376076214,0.339476021,0.4200264,E14000555,21.87072922,62.39237864
Beverley and Holderness,0.269252142,0.234362156,0.305714616,0.309792011,0.276935226,0.344171189,E14000556,26.92521418,69.02079894
Bexhill and Battle,0.293769989,0.270634684,0.323810054,0.321419836,0.287616996,0.360936622,E14000557,29.3769989,67.85801641
Bexleyheath and Crayford,0.273031356,0.240234498,0.298393207,0.28603018,0.249092831,0.320103694,E14000558,27.30313565,71.39698196
Birkenhead,0.203023942,0.164341651,0.240870195,0.332082593,0.290200652,0.382400962,E14000559,20.30239425,66.79174074
"Birmingham, Edgbaston",0.251233443,0.220309976,0.280343304,0.325393463,0.28104762,0.357551262,E14000560,25.12334429,67.46065372
"Birmingham, Erdington",0.232820045,0.202453549,0.26031429,0.28615994,0.254403956,0.326147134,E14000561,23.28200445,71.38400597
"Birmingham, Hall Green",0.219919061,0.181798914,0.256786406,0.304368003,0.262831841,0.349736644,E14000562,21.99190606,69.56319972
"Birmingham, Hodge Hill",0.207674755,0.176869909,0.248101263,0.276653902,0.238022769,0.317656298,E14000563,20.76747553,72.33460977
"Birmingham, Ladywood",0.213060558,0.173433431,0.24816957,0.319554772,0.277005075,0.3609528,E14000564,21.3060558,68.0445228
"Birmingham, Northfield",0.241847931,0.210901064,0.274148018,0.30029368,0.267982854,0.338338718,E14000565,24.18479307,69.97063199
"Birmingham, Perry Barr",0.232629412,0.203169542,0.262914958,0.284732025,0.248102745,0.322510715,E14000566,23.26294123,71.52679751
"Birmingham, Selly Oak",0.25324139,0.22345482,0.288129598,0.348136576,0.31068853,0.390709846,E14000567,25.32413897,65.18634243
"Birmingham, Yardley",0.223377411,0.192674336,0.253905644,0.276395057,0.237070408,0.310115072,E14000568,22.33774105,72.36049427
Bishop Auckland,0.250362067,0.215875292,0.286252063,0.290742105,0.248838557,0.332119506,E14000569,25.03620669,70.9257895
Blackburn,0.215887024,0.185520429,0.252295056,0.271885493,0.234489191,0.310060776,E14000570,21.58870238,72.81145067
Blackley and Broughton,0.213911383,0.181872716,0.250119327,0.289480355,0.255426429,0.324753944,E14000571,21.39113828,71.05196446
Blackpool North and Cleveleys,0.247648067,0.213927856,0.277695133,0.272232152,0.236170245,0.310372778,E14000572,24.76480672,72.77678477
Blackpool South,0.235439543,0.206553363,0.262544882,0.274965227,0.233605634,0.308623262,E14000573,23.54395433,72.50347727
Blaenau Gwent,0.232143145,0.195470482,0.272255522,0.31282891,0.265799246,0.355809898,W07000072,23.21431455,68.71710903
Blaydon,0.230658224,0.19212314,0.262445137,0.327859779,0.293245644,0.36525644,E14000574,23.06582238,67.21402214
Blyth Valley,0.240566185,0.208396804,0.273679392,0.314784702,0.274286659,0.35830809,E14000575,24.0566185,68.52152983
Bognor Regis and Littlehampton,0.275322567,0.242002484,0.301500771,0.296931253,0.26121193,0.33091562,E14000576,27.53225667,70.30687472
Bolsover,0.23772002,0.202590926,0.271495913,0.301910185,0.259475341,0.339316489,E14000577,23.77200205,69.80898155
Bolton North East,0.243399211,0.212507938,0.276455823,0.290766581,0.256791029,0.326523396,E14000578,24.33992108,70.9233419
Bolton South East,0.220006979,0.192078661,0.251046535,0.26835972,0.223418109,0.300247302,E14000579,22.00069793,73.16402796
Bolton West,0.262067641,0.23454937,0.29704396,0.300669271,0.261534119,0.33295262,E14000580,26.2067641,69.93307294
Bootle,0.194732675,0.16260553,0.227498156,0.324820558,0.284620317,0.363517889,E14000581,19.47326746,67.51794418
Boston and Skegness,0.251446149,0.2123244,0.27833532,0.273990298,0.240050492,0.307500319,E14000582,25.14461493,72.60097025
Bosworth,0.268863665,0.232410303,0.297518719,0.313883134,0.276290094,0.35086434,E14000583,26.88636647,68.61168663
Bournemouth East,0.267523186,0.238869854,0.309287536,0.35031845,0.310566399,0.384259796,E14000584,26.75231858,64.96815504
Bournemouth West,0.266641526,0.236839716,0.295454881,0.345094342,0.306157504,0.381052265,E14000585,26.66415256,65.49056579
Bracknell,0.281950882,0.25016014,0.309597744,0.332883742,0.298934804,0.371011931,E14000586,28.19508816,66.71162579
Bradford East,0.204435985,0.172208289,0.240294543,0.284268036,0.249254306,0.32298539,E14000587,20.44359847,71.5731964
Bradford South,0.221042083,0.188869681,0.248774892,0.283659736,0.243155064,0.314914471,E14000588,22.10420829,71.63402641
Bradford West,0.203443377,0.170350986,0.238613148,0.300929471,0.262361808,0.344335988,E14000589,20.34433775,69.90705295
Braintree,0.282094356,0.254403026,0.322775398,0.313633422,0.281675354,0.346452094,E14000590,28.20943563,68.63665784
Brecon and Radnorshire,0.280001224,0.237688146,0.319462393,0.322957062,0.278348727,0.367880545,W07000068,28.00012239,67.70429376
Brent Central,0.235286884,0.203912026,0.268083639,0.319448205,0.285619988,0.365717097,E14000591,23.52868839,68.05517953
Brent North,0.261348068,0.228919078,0.291851732,0.27195375,0.232391377,0.30708708,E14000592,26.13480679,72.80462498
Brentford and Isleworth,0.252671042,0.220888433,0.279007463,0.342625729,0.311505904,0.378160015,E14000593,25.26710422,65.73742712
Brentwood and Ongar,0.289456497,0.259857098,0.322250819,0.314359034,0.279839604,0.349567847,E14000594,28.94564973,68.56409663
Bridgend,0.272900262,0.241670758,0.306627467,0.335499284,0.288892889,0.372512092,W07000073,27.29002621,66.45007156
Bridgwater and West Somerset,0.267441484,0.230720661,0.29954588,0.320596003,0.281944413,0.354645919,E14000595,26.74414839,67.94039966
Brigg and Goole,0.263701455,0.228581146,0.299413561,0.2771221,0.239756911,0.318662144,E14000596,26.37014554,72.28779004
"Brighton, Kemptown",0.255683308,0.228834862,0.285411823,0.354331812,0.311978778,0.389673303,E14000597,25.56833085,64.56681885
"Brighton, Pavilion",0.272206571,0.189038947,0.362611204,0.464137687,0.380503884,0.554545065,E14000598,27.22065714,53.58623135
Bristol East,0.247620987,0.218922276,0.281681159,0.362469362,0.323861284,0.398797004,E14000599,24.76209874,63.75306375
Bristol North West,0.262370044,0.227456459,0.296765775,0.391978632,0.357129742,0.43603643,E14000600,26.23700435,60.80213677
Bristol South,0.241819208,0.215188675,0.273830156,0.368940105,0.335264533,0.40598592,E14000601,24.18192077,63.10598954
Bristol West,0.250267125,0.20214976,0.292933216,0.489153007,0.441944848,0.545776936,E14000602,25.02671249,51.08469935
Broadland,0.286452058,0.258195293,0.314828325,0.320823996,0.278338617,0.356533482,E14000603,28.64520575,67.91760036
Bromley and Chislehurst,0.290705425,0.261968947,0.325169661,0.326939184,0.28771408,0.362944678,E14000604,29.0705425,67.30608157
Bromsgrove,0.28671344,0.260177577,0.319668381,0.318096632,0.278762415,0.356269552,E14000605,28.67134401,68.19033685
Broxbourne,0.277993884,0.248125855,0.30668771,0.298663175,0.262102879,0.337097785,E14000606,27.79938838,70.1336825
Broxtowe,0.265016916,0.227770542,0.293686611,0.355407777,0.316199467,0.395146171,E14000607,26.50169163,64.45922226
Buckingham,0.300404491,0.272458319,0.338459566,0.338672292,0.299075099,0.371103384,E14000608,30.04044911,66.13277085
Burnley,0.231622892,0.194916145,0.262284791,0.277420958,0.233258967,0.313647618,E14000609,23.16228918,72.25790419
Burton,0.256411877,0.224500687,0.282789387,0.293893705,0.257094413,0.329983291,E14000610,25.64118772,70.61062948
Bury North,0.251536822,0.222813562,0.278567665,0.304918597,0.266257331,0.343609536,E14000611,25.15368223,69.50814034
Bury South,0.253267923,0.22770156,0.288641038,0.310196489,0.274644638,0.344425172,E14000612,25.3267923,68.98035113
Bury St Edmunds,0.28072437,0.24681143,0.315165682,0.337900752,0.298998497,0.376202653,E14000613,28.07243701,66.20992476
Caerphilly,0.237710603,0.204448245,0.2698548,0.328421605,0.28843108,0.363919175,W07000076,23.77106031,67.15783951
"Caithness, Sutherland and Easter Ross",0.22188556,0.178998868,0.260347534,0.319399061,0.271543461,0.364191669,S14000009,22.18855602,68.06009389
Calder Valley,0.25857741,0.227896451,0.293202178,0.329840682,0.291776785,0.368332516,E14000614,25.85774101,67.01593183
Camberwell and Peckham,0.236932946,0.205126297,0.269992543,0.356424245,0.317738208,0.388469629,E14000615,23.69329457,64.35757551
Camborne and Redruth,0.261149195,0.230018519,0.291581953,0.333788768,0.295080832,0.365981054,E14000616,26.11491948,66.62112318
Cambridge,0.257286334,0.227842581,0.294467358,0.431214151,0.390159576,0.473469184,E14000617,25.72863345,56.87858487
Cannock Chase,0.26785918,0.241695804,0.293409953,0.279619286,0.242902484,0.313874036,E14000618,26.78591795,72.03807136
Canterbury,0.276180841,0.241011112,0.310417144,0.377288736,0.33902066,0.419893364,E14000619,27.61808413,62.27112636
Cardiff Central,0.261146393,0.222714868,0.301374771,0.410969744,0.362232764,0.451959631,W07000050,26.11463929,58.9030256
Cardiff North,0.279019217,0.244400923,0.31849556,0.385031669,0.346062866,0.423163347,W07000051,27.90192174,61.49683308
Cardiff South and Penarth,0.247622761,0.212802622,0.284421444,0.357462868,0.319015463,0.393108592,W07000080,24.76227615,64.25371321
Cardiff West,0.243653851,0.212741649,0.276644566,0.34986009,0.306019581,0.386600917,W07000079,24.36538509,65.01399096
Carlisle,0.254602243,0.225911376,0.284040627,0.289722775,0.253242343,0.324477139,E14000620,25.46022426,71.02772246
Carmarthen East and Dinefwr,0.23100259,0.180512397,0.285713308,0.31948611,0.261807461,0.381909253,W07000067,23.100259,68.051389
Carmarthen West and South Pembrokeshire,0.269707388,0.235806682,0.304112239,0.313450229,0.268799868,0.349493081,W07000066,26.97073883,68.65497707
Carshalton and Wallington,0.263735799,0.229699203,0.303190955,0.307217393,0.27096094,0.344087899,E14000621,26.37357987,69.27826074
Castle Point,0.287674891,0.255908962,0.321755938,0.275921214,0.236426428,0.314081106,E14000622,28.76748909,72.4078786
Central Ayrshire,0.23418006,0.198201537,0.262468152,0.337890176,0.306834243,0.375715282,S14000010,23.41800598,66.21098238
Central Devon,0.285452817,0.258187794,0.318221477,0.356567571,0.321511743,0.394775148,E14000623,28.54528167,64.34324295
Central Suffolk and North Ipswich,0.292810413,0.267974055,0.324776312,0.319620317,0.284176566,0.349582747,E14000624,29.28104128,68.03796834
Ceredigion,0.234049224,0.177564931,0.287820871,0.358327677,0.29893415,0.416695538,W07000064,23.40492244,64.16723227
Charnwood,0.289759766,0.26285151,0.331002657,0.319810934,0.285943405,0.358629989,E14000625,28.97597657,68.01890662
Chatham and Aylesford,0.273048707,0.240459163,0.304275837,0.305625478,0.265793236,0.343827281,E14000626,27.3048707,69.43745216
Cheadle,0.277562404,0.23714171,0.313753408,0.332548796,0.292450024,0.370700201,E14000627,27.75624037,66.74512036
Chelmsford,0.275260633,0.239737519,0.304225872,0.342072614,0.307451277,0.373119129,E14000628,27.52606335,65.7927386
Chelsea and Fulham,0.292387839,0.253720285,0.326939077,0.381468982,0.33620206,0.421534715,E14000629,29.23878388,61.85310182
Cheltenham,0.277025597,0.242777243,0.310852979,0.383348132,0.346630648,0.428877613,E14000630,27.70255968,61.66518679
Chesham and Amersham,0.302716963,0.273731728,0.339740644,0.354828846,0.315519944,0.395103905,E14000631,30.27169628,64.51711544
Chesterfield,0.241388791,0.209629962,0.276068255,0.323074623,0.281955164,0.361161388,E14000632,24.13887906,67.69253765
Chichester,0.289414235,0.255850994,0.318645806,0.338448127,0.305106165,0.378763075,E14000633,28.94142349,66.15518729
Chingford and Woodford Green,0.278896778,0.247551959,0.316857278,0.309174717,0.26531907,0.350086146,E14000634,27.8896778,69.08252826
Chippenham,0.272729296,0.240308603,0.302652496,0.352095711,0.314212357,0.392997302,E14000635,27.27292962,64.79042889
Chipping Barnet,0.284696777,0.25629968,0.317942082,0.336983639,0.299290918,0.369557798,E14000636,28.46967769,66.30163612
Chorley,0.219426539,0.174217406,0.265435324,0.340593515,0.282459962,0.384909138,E14000637,21.94265385,65.94064845
Christchurch,0.29433655,0.263818791,0.329027975,0.317806364,0.280352964,0.348163977,E14000638,29.433655,68.21936358
Cities of London and Westminster,0.275861809,0.239721547,0.310843111,0.350814241,0.298469265,0.395014764,E14000639,27.58618092,64.91857594
City of Chester,0.255372653,0.225816759,0.293215074,0.351989835,0.314761826,0.38815038,E14000640,25.53726531,64.80101648
City of Durham,0.248590828,0.206112191,0.281252752,0.36655209,0.32506802,0.402044268,E14000641,24.85908281,63.34479101
Clacton,0.274579491,0.242845864,0.309096464,0.258671194,0.217809459,0.290934779,E14000642,27.45794913,74.13288059
Cleethorpes,0.264097051,0.23435441,0.308200691,0.277219479,0.235212932,0.316533256,E14000643,26.40970511,72.2780521
Clwyd South,0.252039112,0.216800857,0.285633061,0.308938951,0.260464369,0.345729088,W07000062,25.20391123,69.10610485
Clwyd West,0.270949814,0.239976734,0.305956336,0.320154796,0.278574794,0.363802028,W07000059,27.09498143,67.98452036
"Coatbridge, Chryston and Bellshill",0.205757585,0.17325791,0.236179597,0.340127848,0.305846445,0.382721965,S14000011,20.57575848,65.98721518
Colchester,0.266868079,0.241196149,0.296287464,0.350845308,0.318979751,0.38909247,E14000644,26.6868079,64.91546917
Colne Valley,0.256410635,0.221624343,0.287102311,0.328345334,0.290442983,0.365427579,E14000645,25.64106354,67.16546662
Congleton,0.281081408,0.250193231,0.31582166,0.315925946,0.279366601,0.354645734,E14000646,28.10814084,68.40740538
Copeland,0.255121099,0.22368506,0.28528949,0.297398386,0.258968913,0.337947898,E14000647,25.51210993,70.26016141
Corby,0.249658034,0.217759049,0.27804207,0.320780123,0.282790234,0.355580392,E14000648,24.9658034,67.92198772
Coventry North East,0.23438667,0.202995281,0.266485025,0.293674063,0.257118491,0.3308013,E14000649,23.43866702,70.63259369
Coventry North West,0.258038969,0.228319239,0.288332081,0.307089549,0.265729117,0.339619448,E14000650,25.80389685,69.29104515
Coventry South,0.261579611,0.23213302,0.287981879,0.340196871,0.302989536,0.375531853,E14000651,26.15796106,65.9803129
Crawley,0.260499189,0.233156888,0.285155567,0.305774909,0.264711829,0.340885102,E14000652,26.04991887,69.42250907
Crewe and Nantwich,0.255955182,0.23129795,0.287526323,0.319315018,0.283674829,0.366542915,E14000653,25.5955182,68.06849821
Croydon Central,0.256399591,0.224871719,0.281893561,0.315833439,0.278097244,0.345431741,E14000654,25.63995911,68.41665608
Croydon North,0.246515516,0.213272036,0.275263188,0.314044959,0.271215555,0.349581583,E14000655,24.65155157,68.59550413
Croydon South,0.29320778,0.258427972,0.325314818,0.329449541,0.291318115,0.360236093,E14000656,29.32077799,67.05504586
"Cumbernauld, Kilsyth and Kirkintilloch East",0.20974236,0.171654907,0.245896051,0.35027465,0.302763911,0.388885867,S14000012,20.97423595,64.97253503
Cynon Valley,0.232720098,0.198128295,0.264485425,0.321049117,0.287607059,0.364541313,W07000070,23.27200985,67.89508825
Dagenham and Rainham,0.24382026,0.205666235,0.274790052,0.281934281,0.245116655,0.317738208,E14000657,24.38202596,71.80657187
Darlington,0.243554596,0.210665448,0.276846238,0.314658392,0.275887895,0.354971089,E14000658,24.35545956,68.53416077
Dartford,0.27114594,0.239791941,0.303673019,0.304672045,0.264703892,0.340534773,E14000659,27.11459402,69.53279554
Daventry,0.281251298,0.247779844,0.315424828,0.332744831,0.297324486,0.370890216,E14000660,28.12512978,66.72551694
Delyn,0.265910819,0.235048981,0.298725108,0.32644732,0.281018684,0.365833593,W07000042,26.5910819,67.35526798
Denton and Reddish,0.231890952,0.195876442,0.260848768,0.297398844,0.265734048,0.338312374,E14000661,23.1890952,70.26011564
Derby North,0.253109904,0.220721981,0.284155535,0.351070106,0.311809552,0.396524145,E14000662,25.31099039,64.89298935
Derby South,0.223781455,0.192160828,0.250945884,0.304269402,0.265199807,0.343459238,E14000663,22.37814549,69.57305984
Derbyshire Dales,0.275072569,0.238293912,0.305580172,0.351875439,0.317365772,0.393075506,E14000664,27.50725692,64.81245613
Devizes,0.284961287,0.257468032,0.31778919,0.350144712,0.307851723,0.38997654,E14000665,28.49612867,64.98552877
Dewsbury,0.241776516,0.210465193,0.273752712,0.298241607,0.26022622,0.333511208,E14000666,24.17765156,70.17583932
Don Valley,0.234754087,0.197040016,0.265491563,0.299949886,0.260461284,0.340269569,E14000667,23.47540868,70.00501142
Doncaster Central,0.228689685,0.196273737,0.26316164,0.297927245,0.261089831,0.336925215,E14000668,22.86896847,70.20727548
Doncaster North,0.217107584,0.184675091,0.251884585,0.293565837,0.25035805,0.336584008,E14000669,21.71075843,70.64341634
Dover,0.268930141,0.240839233,0.301613541,0.309487582,0.276809506,0.344522555,E14000670,26.89301413,69.0512418
Dudley North,0.252822863,0.219999327,0.287608567,0.264498137,0.222901398,0.300985913,E14000671,25.28228626,73.55018628
Dudley South,0.262467374,0.230415399,0.290073125,0.273495611,0.238463045,0.312276318,E14000672,26.24673736,72.65043887
Dulwich and West Norwood,0.256353431,0.219523449,0.294449441,0.412115372,0.372534307,0.455193724,E14000673,25.63534315,58.78846279
Dumfries and Galloway,0.245709893,0.212899054,0.274308746,0.32283006,0.285396175,0.358372178,S14000013,24.57098925,67.71699404
"Dumfriesshire, Clydesdale and Tweeddale",0.246266048,0.203103167,0.275818056,0.317449509,0.27593336,0.355252828,S14000014,24.62660476,68.25504909
Dundee East,0.227396475,0.193299307,0.264959617,0.352869737,0.310851211,0.394625054,S14000015,22.73964754,64.71302634
Dundee West,0.200578805,0.163178247,0.229715816,0.362489366,0.3234905,0.396535248,S14000016,20.05788047,63.75106337
Dunfermline and West Fife,0.226881795,0.198047228,0.258532341,0.353735988,0.320823013,0.39152585,S14000017,22.6881795,64.62640123
Dwyfor Meirionnydd,0.236098466,0.172255682,0.300678276,0.326633044,0.253100453,0.391511593,W07000061,23.60984659,67.33669557
Ealing Central and Acton,0.260199113,0.225114109,0.292284765,0.400276655,0.364110725,0.441923106,E14000674,26.01991126,59.97233455
Ealing North,0.248559194,0.22205986,0.28364959,0.321012773,0.287634346,0.362631486,E14000675,24.8559194,67.89872274
"Ealing, Southall",0.236009529,0.199809525,0.266457838,0.297234439,0.259430351,0.33804044,E14000676,23.60095291,70.27655609
Easington,0.220224885,0.181586889,0.258432492,0.298234098,0.252492948,0.339738537,E14000677,22.02248852,70.17659025
East Devon,0.283543016,0.225531984,0.350890183,0.373387494,0.309053291,0.44200353,E14000678,28.35430162,62.66125055
East Dunbartonshire,0.251347328,0.220171158,0.291297105,0.394902985,0.35701479,0.436874119,S14000018,25.13473283,60.50970145
East Ham,0.215436811,0.182256066,0.251236321,0.295662417,0.256610882,0.331502669,E14000679,21.54368106,70.43375833
East Hampshire,0.29641689,0.267282504,0.329612328,0.353378702,0.323656775,0.396203473,E14000680,29.641689,64.66212985
"East Kilbride, Strathaven and Lesmahagow",0.229110313,0.194374667,0.261655257,0.345264206,0.305783164,0.37649099,S14000019,22.91103129,65.47357944
East Lothian,0.239101116,0.203646209,0.272375019,0.350947331,0.309935611,0.393387494,S14000020,23.91011161,64.90526688
East Renfrewshire,0.263731471,0.231552111,0.298407947,0.384205527,0.341269236,0.425805373,S14000021,26.37314709,61.57944727
East Surrey,0.287464903,0.25093746,0.315107326,0.329414611,0.293843997,0.366487583,E14000681,28.74649025,67.0585389
East Worthing and Shoreham,0.266477001,0.230910716,0.290853861,0.326027057,0.292750506,0.368736584,E14000682,26.64770013,67.39729429
East Yorkshire,0.260245397,0.230144086,0.287301049,0.301779025,0.267133327,0.347963896,E14000683,26.0245397,69.82209755
Eastbourne,0.261312571,0.229703512,0.290714945,0.317566545,0.282439884,0.353176375,E14000684,26.13125714,68.2433455
Eastleigh,0.277903155,0.249845367,0.307295676,0.319098612,0.28398024,0.349854558,E14000685,27.79031554,68.09013882
Eddisbury,0.275738319,0.246793315,0.307296484,0.313455785,0.275746914,0.350061739,E14000686,27.57383194,68.65442151
Edinburgh East,0.225086139,0.195089081,0.263897757,0.408952843,0.370683684,0.449796325,S14000022,22.5086139,59.10471567
Edinburgh North and Leith,0.239735336,0.207695417,0.279828906,0.431521558,0.395355494,0.473729068,S14000023,23.97353358,56.84784423
Edinburgh South,0.26171391,0.211298865,0.310726121,0.410409828,0.35112307,0.469679228,S14000024,26.17139098,58.95901721
Edinburgh South West,0.241132455,0.21264419,0.270385208,0.403741777,0.368470054,0.447792533,S14000025,24.1132455,59.62582229
Edinburgh West,0.244689746,0.199797809,0.279299537,0.370756265,0.324555469,0.410510559,S14000026,24.46897458,62.92437346
Edmonton,0.240763676,0.206622338,0.27317565,0.310074519,0.271365925,0.350663443,E14000687,24.07636757,68.99254814
Ellesmere Port and Neston,0.233645666,0.203658747,0.263313909,0.304106627,0.263355414,0.338886999,E14000688,23.36456661,69.58933729
Elmet and Rothwell,0.261604554,0.228946952,0.294877745,0.313191187,0.275762982,0.351587699,E14000689,26.16045542,68.68088126
Eltham,0.260699754,0.224915011,0.295343011,0.329490399,0.29535958,0.362941776,E14000690,26.0699754,67.05096014
Enfield North,0.256751888,0.22223453,0.286807157,0.329930623,0.29263892,0.364871536,E14000691,25.67518876,67.00693772
"Enfield, Southgate",0.27557802,0.24044291,0.299629871,0.343805659,0.29675961,0.380639193,E14000692,27.55780198,65.61943405
Epping Forest,0.273072552,0.239405555,0.305984826,0.31600308,0.281615952,0.352564906,E14000693,27.30725524,68.39969201
Epsom and Ewell,0.294082389,0.262690626,0.324180926,0.33915669,0.299525519,0.371216833,E14000694,29.40823892,66.084331
Erewash,0.26461557,0.237028082,0.299136595,0.324236812,0.286713288,0.360848133,E14000695,26.46155702,67.57631877
Erith and Thamesmead,0.251069767,0.219403249,0.285068181,0.299405957,0.261832026,0.332167199,E14000696,25.10697671,70.05940427
Esher and Walton,0.286381665,0.252368861,0.319957415,0.356068324,0.317592562,0.393085557,E14000697,28.6381665,64.39316764
Exeter,0.264903246,0.233650844,0.30611478,0.401173076,0.364295622,0.432659203,E14000698,26.49032462,59.88269242
Falkirk,0.223180578,0.193047212,0.259321207,0.33865972,0.293121054,0.372128536,S14000028,22.31805785,66.134028
Fareham,0.297072384,0.269306247,0.324220956,0.321946823,0.280974632,0.354999334,E14000699,29.70723841,67.80531774
Faversham and Mid Kent,0.284452188,0.255722208,0.317110583,0.311288269,0.273954785,0.343815547,E14000700,28.44521883,68.87117314
Feltham and Heston,0.238083077,0.198623682,0.267502972,0.301211358,0.267954403,0.34954798,E14000701,23.80830774,69.87886423
Filton and Bradley Stoke,0.275964684,0.247290309,0.309823754,0.366987229,0.331379354,0.406504421,E14000702,27.59646837,63.30127713
Finchley and Golders Green,0.289278239,0.260182438,0.322512053,0.363875594,0.329064998,0.399092685,E14000703,28.92782385,63.61244063
Folkestone and Hythe,0.277382515,0.251042884,0.311616293,0.301748406,0.259621358,0.335380872,E14000704,27.73825153,69.82515936
Forest of Dean,0.276455742,0.24501931,0.310711012,0.344484726,0.306210249,0.38435318,E14000705,27.64557421,65.55152739
Fylde,0.266305141,0.225622492,0.294084346,0.304429616,0.265926577,0.341780721,E14000706,26.63051412,69.55703844
Gainsborough,0.280360461,0.251972986,0.318552467,0.305704914,0.264098784,0.343630809,E14000707,28.03604606,69.42950862
Garston and Halewood,0.204958659,0.169471177,0.241656887,0.329519775,0.294695817,0.372134772,E14000708,20.49586591,67.04802251
Gateshead,0.214312527,0.181781146,0.255605986,0.315365961,0.262290733,0.358438202,E14000709,21.43125267,68.46340386
Gedling,0.252001777,0.21654293,0.28260243,0.340884536,0.304953619,0.375387553,E14000710,25.20017768,65.91154641
Gillingham and Rainham,0.269281607,0.233537863,0.298812783,0.300966262,0.263929974,0.336568087,E14000711,26.9281607,69.90337384
Glasgow Central,0.218483595,0.182153494,0.258858955,0.369492296,0.330401476,0.409539035,S14000029,21.84835946,63.05077045
Glasgow East,0.204537932,0.167645781,0.237996993,0.307268415,0.264227739,0.356057629,S14000030,20.4537932,69.27315853
Glasgow North,0.235979853,0.206244439,0.272535088,0.39787173,0.355607276,0.43259187,S14000031,23.59798527,60.212827
Glasgow North East,0.203937253,0.173290389,0.247871761,0.314335077,0.274553391,0.358948942,S14000032,20.39372529,68.56649232
Glasgow North West,0.214233465,0.18367924,0.244238923,0.343869244,0.302981865,0.37639563,S14000033,21.42334655,65.61307558
Glasgow South,0.214057063,0.17960011,0.244649956,0.364493492,0.323749956,0.400317377,S14000034,21.40570629,63.55065075
Glasgow South West,0.206944269,0.171541578,0.243170369,0.319833812,0.279979621,0.358929945,S14000035,20.69442685,68.01661877
Glenrothes,0.204419898,0.166682978,0.234667401,0.319416161,0.277816583,0.362384522,S14000036,20.44198976,68.05838389
Gloucester,0.258075374,0.225685288,0.289288655,0.327034214,0.285600655,0.365655236,E14000712,25.80753738,67.29657858
Gordon,0.261087167,0.228207338,0.293620186,0.342653653,0.305813877,0.378582614,S14000037,26.10871675,65.73463469
Gosport,0.282368943,0.248916367,0.310197056,0.303687656,0.271782814,0.335973716,E14000713,28.23689433,69.63123443
Gower,0.276027754,0.24116595,0.309009765,0.338602338,0.290357225,0.378853451,W07000046,27.60277539,66.13976624
Grantham and Stamford,0.268745843,0.238266211,0.296077822,0.320189339,0.287025379,0.360240263,E14000714,26.87458427,67.98106611
Gravesham,0.264009817,0.232109092,0.294049304,0.289705251,0.254906849,0.325837255,E14000715,26.40098173,71.02947489
Great Grimsby,0.234779144,0.204585208,0.266775578,0.283067374,0.240737411,0.324484475,E14000716,23.47791444,71.69326264
Great Yarmouth,0.257895424,0.227723424,0.289134632,0.284424064,0.25265602,0.317625633,E14000717,25.7895424,71.55759356
Greenwich and Woolwich,0.242750049,0.212768284,0.271982353,0.363021772,0.324849073,0.400544464,E14000718,24.27500494,63.69782285
Guildford,0.283216767,0.252610195,0.313622347,0.375378468,0.33779739,0.411392714,E14000719,28.32167672,62.46215324
Hackney North and Stoke Newington,0.23759007,0.197129914,0.269604699,0.392261494,0.352168011,0.43378769,E14000720,23.75900695,60.77385064
Hackney South and Shoreditch,0.234027166,0.199270694,0.266411946,0.367641895,0.331216136,0.402033621,E14000721,23.40271663,63.23581048
Halesowen and Rowley Regis,0.253658493,0.224300649,0.281609847,0.282775502,0.246818889,0.319505908,E14000722,25.3658493,71.72244981
Halifax,0.232346509,0.200556868,0.26352563,0.30286942,0.265127714,0.340497158,E14000723,23.23465091,69.71305799
Haltemprice and Howden,0.279208523,0.249123035,0.307155422,0.318375957,0.276849264,0.355600966,E14000724,27.92085226,68.16240427
Halton,0.227333861,0.199596743,0.266694753,0.312362009,0.276422903,0.351753408,E14000725,22.73338615,68.76379913
Hammersmith,0.249844755,0.220158403,0.288621873,0.391496065,0.352776184,0.434080173,E14000726,24.9844755,60.85039346
Hampstead and Kilburn,0.261051235,0.222423396,0.294703607,0.409524931,0.371650656,0.453293382,E14000727,26.10512349,59.04750693
Harborough,0.275341723,0.245050019,0.30389884,0.334496173,0.299397914,0.369707066,E14000728,27.5341723,66.55038265
Harlow,0.259980192,0.23125786,0.288063163,0.307264415,0.275545091,0.351372697,E14000729,25.99801916,69.27355854
Harrogate and Knaresborough,0.273685094,0.243967591,0.311329948,0.339260079,0.298809669,0.375885083,E14000730,27.36850941,66.07399207
Harrow East,0.282186242,0.247980428,0.311168991,0.280393159,0.247139019,0.31880263,E14000731,28.2186242,71.9606841
Harrow West,0.268388278,0.243612667,0.309687287,0.314172499,0.275066906,0.346784025,E14000732,26.83882783,68.58275008
Hartlepool,0.228276471,0.186911784,0.276083564,0.306499418,0.260331745,0.354639759,E14000733,22.82764706,69.35005819
Harwich and North Essex,0.280537185,0.246709772,0.307215225,0.321516296,0.284839019,0.358823075,E14000734,28.05371852,67.84837043
Hastings and Rye,0.258632617,0.230595297,0.288466302,0.313528279,0.27458258,0.340608082,E14000735,25.86326173,68.64717208
Havant,0.278439637,0.245964109,0.308468001,0.303067657,0.265577998,0.338840985,E14000736,27.84396367,69.69323431
Hayes and Harlington,0.241969952,0.211922265,0.27842541,0.278605562,0.242432915,0.318581904,E14000737,24.19699523,72.13944384
Hazel Grove,0.264952859,0.232047881,0.29652213,0.310991358,0.274578152,0.350309367,E14000738,26.49528588,68.90086422
Hemel Hempstead,0.266855347,0.23598872,0.296701728,0.317790288,0.278188631,0.353382385,E14000739,26.68553471,68.22097123
Hemsworth,0.219384954,0.182347745,0.252256409,0.304801319,0.268493618,0.347342255,E14000740,21.93849544,69.5198681
Hendon,0.272215725,0.239650124,0.304891514,0.319188594,0.28157304,0.355295659,E14000741,27.22157252,68.08114064
Henley,0.301159026,0.272446053,0.335750732,0.355981547,0.318680208,0.39812261,E14000742,30.1159026,64.40184529
Hereford and South Herefordshire,0.264656852,0.228624675,0.294641574,0.309619532,0.278637734,0.353446318,E14000743,26.46568518,69.0380468
Hertford and Stortford,0.27904306,0.245968105,0.312047328,0.359463273,0.326443492,0.403881996,E14000744,27.90430596,64.05367275
Hertsmere,0.287451555,0.253483696,0.319375241,0.332182271,0.291555327,0.373788198,E14000745,28.74515555,66.78177287
Hexham,0.273631746,0.238040411,0.308029599,0.346334271,0.306336578,0.388548899,E14000746,27.36317459,65.36657287
Heywood and Middleton,0.250607911,0.226502636,0.289672155,0.295200067,0.264056697,0.333843288,E14000747,25.06079114,70.47999332
High Peak,0.260255345,0.22653312,0.29157924,0.360467938,0.319344942,0.406719057,E14000748,26.0255345,63.95320624
Hitchin and Harpenden,0.282490087,0.247895577,0.313444426,0.379698974,0.346757148,0.415737979,E14000749,28.24900872,62.03010262
Holborn and St Pancras,0.24598393,0.219532812,0.282276946,0.399551091,0.364434563,0.436425495,E14000750,24.598393,60.0448909
Hornchurch and Upminster,0.278958924,0.249174876,0.310511055,0.284059593,0.246468523,0.324472582,E14000751,27.8958924,71.59404074
Hornsey and Wood Green,0.245518532,0.209340937,0.279534739,0.426819734,0.393089894,0.469789228,E14000752,24.55185323,57.31802655
Horsham,0.29062761,0.260554741,0.320586951,0.343488495,0.308453539,0.380359968,E14000753,29.06276099,65.65115055
Houghton and Sunderland South,0.229363725,0.193533769,0.26272136,0.298224248,0.254560105,0.340144322,E14000754,22.93637248,70.1775752
Hove,0.255750884,0.224651934,0.292011275,0.401364852,0.360349769,0.444550886,E14000755,25.57508837,59.86351481
Huddersfield,0.234156791,0.202967968,0.262963887,0.32323057,0.281776361,0.355202904,E14000756,23.41567906,67.67694296
Huntingdon,0.279283071,0.255383502,0.31006727,0.345019507,0.313331252,0.378995236,E14000757,27.92830713,65.49804926
Hyndburn,0.244738657,0.209012263,0.282152266,0.272068978,0.235775158,0.305530972,E14000758,24.47386575,72.79310218
Ilford North,0.260849408,0.230314746,0.29653052,0.290517676,0.251878229,0.326716159,E14000759,26.08494079,70.94823243
Ilford South,0.247099962,0.216268543,0.282504561,0.297970743,0.260507906,0.342293521,E14000760,24.70999616,70.20292568
Inverclyde,0.211097596,0.176269183,0.242591014,0.339459136,0.295221436,0.37431466,S14000038,21.10975964,66.05408642
"Inverness, Nairn, Badenoch and Strathspey",0.234948409,0.201760817,0.270736428,0.357047904,0.32105011,0.398832376,S14000039,23.49484089,64.29520961
Ipswich,0.250581253,0.215225537,0.27892326,0.328774503,0.291345553,0.362104075,E14000761,25.05812532,67.12254975
Isle of Wight,0.272852478,0.237509199,0.303995923,0.306291574,0.271114189,0.338546365,E14000762,27.28524775,69.37084257
Islington North,0.233694913,0.19857646,0.263214004,0.419698551,0.385150062,0.459036059,E14000763,23.36949129,58.03014494
Islington South and Finsbury,0.239920109,0.208212732,0.265255389,0.403199193,0.364013149,0.437736932,E14000764,23.99201091,59.6800807
Islwyn,0.238311227,0.202435346,0.27518198,0.317150327,0.272726225,0.356216173,W07000077,23.8311227,68.28496732
Jarrow,0.219947211,0.183810195,0.256727833,0.316858669,0.272075926,0.359408465,E14000765,21.99472109,68.31413309
Keighley,0.243555405,0.206173538,0.277832175,0.304146845,0.261974996,0.341101133,E14000766,24.35554055,69.58531549
Kenilworth and Southam,0.306356271,0.272988569,0.346283828,0.354661129,0.316526199,0.388704212,E14000767,30.63562714,64.5338871
Kensington,0.268100941,0.225717669,0.301596141,0.36650848,0.325527335,0.410962806,E14000768,26.8100941,63.34915198
Kettering,0.260379441,0.229913167,0.292079971,0.322350315,0.289159204,0.359332063,E14000769,26.03794412,67.76496846
Kilmarnock and Loudoun,0.217879636,0.188963611,0.246326711,0.326845672,0.283811239,0.359122876,S14000040,21.78796364,67.31543284
Kingston and Surbiton,0.268597606,0.230005124,0.304382587,0.359889508,0.321711389,0.407702147,E14000770,26.85976061,64.01104923
Kingston Upon Hull East,0.219537233,0.187605145,0.25581669,0.2912355,0.251286517,0.334406669,E14000771,21.95372329,70.87645003
Kingston Upon Hull North,0.22228234,0.188288621,0.25588669,0.326250448,0.290245027,0.364134217,E14000772,22.22823399,67.37495521
Kingston Upon Hull West and Hessle,0.216156415,0.180970952,0.244211278,0.292452115,0.254504384,0.332553999,E14000773,21.61564154,70.75478854
Kingswood,0.271897981,0.239568664,0.299410628,0.340691833,0.304019242,0.380053424,E14000774,27.18979811,65.93081673
Kirkcaldy and Cowdenbeath,0.228254584,0.184111442,0.264972972,0.318322345,0.267992665,0.360428989,S14000041,22.82545836,68.1677655
Knowsley,0.192634742,0.157809343,0.225556565,0.318129036,0.279249594,0.359821089,E14000775,19.26347425,68.18709641
Lanark and Hamilton East,0.23740078,0.196402206,0.271874508,0.340948366,0.306633356,0.385119604,S14000042,23.74007801,65.9051634
Lancaster and Fleetwood,0.255062547,0.221007265,0.283054942,0.33857607,0.304615659,0.373061894,E14000776,25.50625472,66.142393
Leeds Central,0.221682882,0.188676225,0.25622845,0.357350517,0.313430369,0.391859295,E14000777,22.16828817,64.26494831
Leeds East,0.216039172,0.186160366,0.251799401,0.294595623,0.25532852,0.334738713,E14000778,21.60391721,70.54043767
Leeds North East,0.23174212,0.199831593,0.25859627,0.359375111,0.321652933,0.394134485,E14000779,23.17421204,64.06248888
Leeds North West,0.249066174,0.213257082,0.282385543,0.409469131,0.370448358,0.448068518,E14000780,24.90661738,59.05308694
Leeds West,0.221430753,0.193714655,0.253815274,0.349813018,0.315398107,0.389547392,E14000781,22.14307535,65.01869818
Leicester East,0.226421857,0.187088963,0.258171461,0.260521618,0.219419783,0.302929173,E14000782,22.64218568,73.94783819
Leicester South,0.222683374,0.187434178,0.253623853,0.344772331,0.299882628,0.382799082,E14000783,22.26833736,65.52276686
Leicester West,0.240993737,0.204011153,0.280675895,0.332298281,0.292854815,0.37319097,E14000784,24.09937369,66.77017188
Leigh,0.239504728,0.201193829,0.268727806,0.292405615,0.2507599,0.330281085,E14000785,23.95047278,70.75943848
Lewes,0.285521529,0.254585147,0.322465874,0.340202108,0.297923312,0.381097485,E14000786,28.55215294,65.97978918
Lewisham East,0.254171257,0.22380473,0.287495048,0.351000214,0.314101702,0.390409748,E14000787,25.41712565,64.89997856
Lewisham West and Penge,0.238295492,0.202653511,0.265026675,0.363506408,0.32609978,0.397016841,E14000788,23.82954924,63.64935923
"Lewisham, Deptford",0.232165886,0.191355554,0.255733782,0.401681446,0.367064623,0.44175758,E14000789,23.21658863,59.8318554
Leyton and Wanstead,0.241740465,0.20994825,0.269780274,0.357324975,0.321811567,0.394081702,E14000790,24.1740465,64.26750249
Lichfield,0.28452148,0.251124265,0.318491587,0.308319401,0.268661692,0.339457346,E14000791,28.45214798,69.16805992
Lincoln,0.251114786,0.22300843,0.282854589,0.341889476,0.300797977,0.378386913,E14000792,25.11147859,65.81105239
Linlithgow and East Falkirk,0.226731124,0.198424419,0.257830824,0.337772934,0.301539712,0.374605998,S14000043,22.67311236,66.22270655
"Liverpool, Riverside",0.217477214,0.183147205,0.248297017,0.404269679,0.36677045,0.433886262,E14000793,21.74772145,59.57303211
"Liverpool, Walton",0.186867931,0.15548072,0.222676554,0.323864246,0.277321129,0.362575822,E14000794,18.68679307,67.61357544
"Liverpool, Wavertree",0.213823796,0.180980206,0.243912135,0.372544536,0.335314399,0.411263636,E14000795,21.38237957,62.74554635
"Liverpool, West Derby",0.192589143,0.152861566,0.224370992,0.330698292,0.290362773,0.373185545,E14000796,19.25891426,66.93017079
Livingston,0.215968981,0.183142719,0.247561692,0.333987294,0.29521525,0.372350992,S14000044,21.59689814,66.60127061
Llanelli,0.241103618,0.203870513,0.279269635,0.316751645,0.276554304,0.354036309,W07000045,24.11036177,68.32483546
Loughborough,0.270142567,0.235063465,0.300531446,0.363261256,0.324366065,0.404940795,E14000797,27.01425674,63.67387438
Louth and Horncastle,0.275609828,0.244330261,0.304650798,0.299745365,0.265216957,0.347181216,E14000798,27.56098277,70.02546353
Ludlow,0.281309868,0.247864189,0.313196363,0.30827031,0.269282106,0.343498226,E14000799,28.1309868,69.17296902
Luton North,0.240513258,0.211546045,0.279063405,0.301254785,0.262376406,0.341412374,E14000800,24.05132577,69.87452154
Luton South,0.235640143,0.198256816,0.271537571,0.319624871,0.277339486,0.362092904,E14000801,23.56401427,68.03751289
Macclesfield,0.281544674,0.251786512,0.315368361,0.340673216,0.30253423,0.378820345,E14000802,28.15446737,65.93267838
Maidenhead,0.301422344,0.274508211,0.333610615,0.344012694,0.30681013,0.378839834,E14000803,30.14223438,65.59873063
Maidstone and the Weald,0.282309202,0.252272593,0.308968774,0.327740312,0.295089438,0.366985824,E14000804,28.23092018,67.22596884
Makerfield,0.235224486,0.20722401,0.264830143,0.304023767,0.268048066,0.341267666,E14000805,23.52244862,69.5976233
Maldon,0.296196834,0.267571184,0.320603245,0.309422483,0.275406432,0.340811381,E14000806,29.6196834,69.05775171
Manchester Central,0.223953535,0.187111831,0.254016527,0.358062212,0.320470515,0.400075572,E14000807,22.39535348,64.19377875
"Manchester, Gorton",0.212427965,0.17433538,0.242172712,0.333770017,0.295103197,0.370751535,E14000808,21.24279652,66.62299831
"Manchester, Withington",0.228105723,0.195649739,0.260180277,0.406007961,0.374655716,0.442035024,E14000809,22.81057226,59.39920394
Mansfield,0.255380255,0.228172299,0.290311211,0.295428042,0.256863342,0.333366391,E14000810,25.53802547,70.45719584
Meon Valley,0.301699313,0.275467333,0.33408731,0.323174267,0.283457802,0.35676397,E14000811,30.16993133,67.68257328
Meriden,0.272220604,0.239112976,0.299809243,0.300718226,0.261661386,0.336249928,E14000812,27.22206044,69.92817737
Merthyr Tydfil and Rhymney,0.234162711,0.19874772,0.270946298,0.309324835,0.268905236,0.343719654,W07000071,23.4162711,69.06751647
Mid Bedfordshire,0.290218083,0.258884227,0.325109144,0.343476187,0.306397043,0.380327072,E14000813,29.02180832,65.6523813
Mid Derbyshire,0.281548017,0.250672763,0.315192922,0.343317012,0.303456983,0.382287693,E14000814,28.15480172,65.66829879
Mid Dorset and North Poole,0.285690045,0.25619027,0.321220191,0.328583958,0.285562302,0.364441656,E14000815,28.56900452,67.14160424
Mid Norfolk,0.274051008,0.243887986,0.303191083,0.309037011,0.273155976,0.349859487,E14000816,27.40510079,69.09629895
Mid Sussex,0.294880753,0.267535727,0.327742313,0.34438795,0.308518848,0.374519955,E14000817,29.48807532,65.56120498
Mid Worcestershire,0.283081736,0.25238086,0.316148683,0.309367242,0.272059932,0.346079668,E14000818,28.30817355,69.06327581
Middlesbrough,0.205782647,0.169772495,0.23981338,0.306400605,0.262255213,0.352406959,E14000819,20.57826474,69.35993945
Middlesbrough South and East Cleveland,0.248645342,0.207386982,0.28373708,0.305219868,0.266653505,0.351269646,E14000820,24.86453418,69.47801321
Midlothian,0.225040965,0.193089101,0.254536318,0.340612212,0.301100365,0.38268086,S14000045,22.50409646,65.93877881
Milton Keynes North,0.268103241,0.24098915,0.296926943,0.333440748,0.30104334,0.370972826,E14000821,26.81032409,66.65592519
Milton Keynes South,0.257596729,0.226227746,0.28306948,0.324468108,0.287182504,0.361629367,E14000822,25.75967293,67.55318917
Mitcham and Morden,0.241196634,0.207197448,0.269147333,0.322552634,0.288881619,0.360965041,E14000823,24.11966336,67.74473664
Mole Valley,0.298116679,0.273835224,0.335142412,0.347960222,0.309339772,0.384344357,E14000824,29.81166788,65.20397777
Monmouth,0.286402028,0.250421959,0.323466255,0.34720043,0.30138643,0.395404853,W07000054,28.64020279,65.27995697
Montgomeryshire,0.283149731,0.240548497,0.319638586,0.315965787,0.277051959,0.361990183,W07000063,28.31497307,68.4034213
Moray,0.245875711,0.218238109,0.27873266,0.311479495,0.273230161,0.350637681,S14000046,24.58757111,68.85205051
Morecambe and Lunesdale,0.256806469,0.22426887,0.28565621,0.30489296,0.26984623,0.343867159,E14000825,25.68064693,69.51070399
Morley and Outwood,0.253132413,0.217139529,0.283375689,0.29773924,0.254569043,0.332510809,E14000826,25.3132413,70.22607604
Motherwell and Wishaw,0.209682732,0.178993259,0.245766985,0.334188977,0.296817446,0.370790418,S14000047,20.96827321,66.58110226
Na h-Eileanan an Iar,0.226328454,0.192233161,0.261624002,0.340267444,0.299721297,0.384981297,S14000027,22.63284536,65.97325556
Neath,0.242415561,0.204818903,0.273194555,0.331363343,0.29436709,0.365470278,W07000069,24.2415561,66.86366569
New Forest East,0.291373081,0.263734929,0.322692037,0.308616626,0.267157148,0.344803131,E14000827,29.13730809,69.13833745
New Forest West,0.301232865,0.270850787,0.332552453,0.318950725,0.285698964,0.359344985,E14000828,30.12328654,68.10492746
Newark,0.274474326,0.241371809,0.301355268,0.342570958,0.308600015,0.3841013,E14000829,27.44743255,65.74290424
Newbury,0.287666181,0.255217887,0.317441319,0.34918051,0.315482831,0.387115873,E14000830,28.76661813,65.08194904
Newcastle Upon Tyne Central,0.217471172,0.182706185,0.25427167,0.347468306,0.307454575,0.389938237,E14000831,21.74711717,65.25316943
Newcastle Upon Tyne East,0.229897187,0.194184999,0.269909231,0.391500121,0.351957853,0.439370821,E14000832,22.98971868,60.84998787
Newcastle Upon Tyne North,0.229619621,0.198283826,0.261731131,0.328569592,0.290815204,0.364021618,E14000833,22.96196208,67.14304081
Newcastle-under-Lyme,0.257115743,0.223769027,0.283898791,0.320274859,0.284876503,0.357231729,E14000834,25.71157426,67.97251408
Newport East,0.250663216,0.213853022,0.289290405,0.324560807,0.281169115,0.374170878,W07000055,25.06632163,67.54391933
Newport West,0.263673874,0.231423716,0.300557307,0.322758225,0.281262151,0.35704214,W07000056,26.36738739,67.7241775
Newton Abbot,0.277894843,0.249006704,0.310518729,0.3392528,0.30159238,0.374249649,E14000835,27.78948435,66.07472003
"Normanton, Pontefract and Castleford",0.223068543,0.184081095,0.254502603,0.289780853,0.245475117,0.330275831,E14000836,22.30685431,71.02191474
North Ayrshire and Arran,0.233717673,0.202971781,0.265447194,0.328227818,0.292446259,0.36115843,S14000048,23.37176729,67.17721823
North Cornwall,0.27032033,0.238140095,0.303954516,0.328073605,0.290406997,0.368063931,E14000837,27.03203296,67.19263951
North Devon,0.275124414,0.244954819,0.308123317,0.333384118,0.295323521,0.371681393,E14000838,27.51244143,66.66158818
North Dorset,0.286244898,0.2584302,0.317331407,0.34237279,0.312308534,0.377405286,E14000839,28.6244898,65.76272095
North Durham,0.227786837,0.186955677,0.254886448,0.310062416,0.269362963,0.348892366,E14000840,22.77868373,68.99375837
North East Bedfordshire,0.281861299,0.253639296,0.313437619,0.346343715,0.313743192,0.391060883,E14000841,28.18612989,65.36562848
North East Cambridgeshire,0.273086613,0.243445456,0.298649054,0.279142966,0.243456061,0.312883943,E14000842,27.30866133,72.08570343
North East Derbyshire,0.259881188,0.226553784,0.290772822,0.313453046,0.274926146,0.348112579,E14000843,25.98811878,68.65469537
North East Fife,0.226190033,0.188583763,0.267677118,0.378534593,0.332100137,0.417156035,S14000049,22.61900327,62.14654071
North East Hampshire,0.304036893,0.26858688,0.338577848,0.355489328,0.325600695,0.39754582,E14000844,30.40368931,64.45106715
North East Hertfordshire,0.27987212,0.24914651,0.307941183,0.337725828,0.300700621,0.371496421,E14000845,27.987212,66.22741716
North East Somerset,0.276239794,0.24320297,0.307415382,0.357190168,0.319026506,0.396164661,E14000846,27.62397935,64.28098321
North Herefordshire,0.280479141,0.249039087,0.317322008,0.313389728,0.268800121,0.349226506,E14000847,28.04791407,68.6610272
North Norfolk,0.2812334,0.251153257,0.31130461,0.308991679,0.273584785,0.347256994,E14000848,28.12334003,69.10083214
North Shropshire,0.278466529,0.25046561,0.31214363,0.318272114,0.285139683,0.359051303,E14000849,27.84665288,68.17278859
North Somerset,0.283516071,0.246869939,0.313070272,0.364610151,0.322646264,0.396063753,E14000850,28.35160714,63.53898488
North Swindon,0.264657974,0.232196628,0.294376979,0.33312438,0.301790806,0.367005601,E14000851,26.4657974,66.68756196
North Thanet,0.270277259,0.239714387,0.299753062,0.298002343,0.26580275,0.333029972,E14000852,27.02772591,70.19976575
North Tyneside,0.217796023,0.175380635,0.247822683,0.325702949,0.287779273,0.363648631,E14000853,21.77960229,67.42970507
North Warwickshire,0.263582493,0.230328928,0.298390341,0.281989563,0.238992425,0.317776228,E14000854,26.35824926,71.80104367
North West Cambridgeshire,0.276843429,0.247768674,0.306254326,0.323452069,0.281879259,0.361067451,E14000855,27.68434293,67.65479314
North West Durham,0.247338882,0.216623916,0.284577375,0.319299321,0.28362985,0.359640865,E14000856,24.73388821,68.07006788
North West Hampshire,0.287312224,0.258476491,0.3186407,0.327973222,0.292793931,0.365692007,E14000857,28.73122237,67.2026778
North West Leicestershire,0.268087432,0.239568525,0.302985337,0.322886866,0.290674727,0.358800921,E14000858,26.80874317,67.71131335
North West Norfolk,0.277004076,0.249196099,0.315115275,0.292994485,0.25773132,0.330412259,E14000859,27.70040762,70.70055148
North Wiltshire,0.289819346,0.257647845,0.327617916,0.359341757,0.320807148,0.39338561,E14000860,28.98193463,64.06582434
Northampton North,0.251321015,0.218960827,0.282895728,0.321346642,0.281719754,0.361952277,E14000861,25.13210149,67.86533583
Northampton South,0.240867451,0.21228885,0.273479005,0.318742301,0.274426614,0.353774684,E14000862,24.08674509,68.12576992
Norwich North,0.256980377,0.223049223,0.288429868,0.330257218,0.295483094,0.366457728,E14000863,25.69803766,66.9742782
Norwich South,0.248927113,0.218613658,0.278105237,0.380335892,0.34686373,0.413910137,E14000864,24.89271134,61.96641082
Nottingham East,0.225006222,0.197274459,0.267335337,0.370412808,0.330044903,0.409312418,E14000865,22.50062218,62.95871923
Nottingham North,0.219695141,0.179159085,0.25012172,0.306308594,0.268586784,0.347046807,E14000866,21.96951414,69.36914055
Nottingham South,0.242187519,0.204315362,0.274463507,0.381840787,0.342210766,0.428247106,E14000867,24.21875191,61.81592125
Nuneaton,0.261334157,0.231560918,0.295498593,0.287409082,0.252704209,0.319487874,E14000868,26.13341568,71.25909181
Ochil and South Perthshire,0.242457903,0.210269198,0.274747843,0.348018776,0.306786675,0.381635933,S14000050,24.24579031,65.19812238
Ogmore,0.239520731,0.208781236,0.276024821,0.320754706,0.288094695,0.362492664,W07000074,23.95207307,67.92452944
Old Bexley and Sidcup,0.292331308,0.259198655,0.326038274,0.292085478,0.252174294,0.331399302,E14000869,29.23313079,70.79145219
Oldham East and Saddleworth,0.234279302,0.204451232,0.263020441,0.287982926,0.250903485,0.318771438,E14000870,23.42793015,71.20170736
Oldham West and Royton,0.216525298,0.188078927,0.248013101,0.265372076,0.214021179,0.302605932,E14000871,21.65252979,73.46279238
Orkney and Shetland,0.231181418,0.188149794,0.275068069,0.338761063,0.293769742,0.384411151,S14000051,23.11814178,66.12389368
Orpington,0.299510164,0.270760792,0.334364675,0.303848633,0.262559471,0.338932859,E14000872,29.95101639,69.61513667
Oxford East,0.255845013,0.224091446,0.291170904,0.413532475,0.374990478,0.460531986,E14000873,25.58450134,58.64675253
Oxford West and Abingdon,0.283618697,0.250264993,0.321109828,0.385492174,0.33817798,0.42607372,E14000874,28.36186974,61.45078259
Paisley and Renfrewshire North,0.235295237,0.207083649,0.271766693,0.356536108,0.317403673,0.393160825,S14000052,23.52952367,64.34638915
Paisley and Renfrewshire South,0.211783269,0.176824907,0.241193122,0.365650617,0.326134443,0.407455754,S14000053,21.1783269,63.43493835
Pendle,0.242837738,0.211352848,0.274849096,0.272200926,0.238910386,0.307332606,E14000875,24.28377382,72.77990742
Penistone and Stocksbridge,0.252243792,0.213574966,0.284131348,0.30859001,0.269827328,0.348006528,E14000876,25.22437918,69.14099897
Penrith and the Border,0.275021723,0.24470661,0.309576627,0.306611616,0.274034601,0.349106875,E14000877,27.50217226,69.33883837
Perth and North Perthshire,0.230870608,0.192452304,0.270697006,0.360675797,0.318684699,0.409232712,S14000054,23.08706078,63.93242034
Peterborough,0.238727275,0.203715188,0.267309332,0.310168927,0.279261498,0.353178676,E14000878,23.87272754,68.98310726
"Plymouth, Moor View",0.255504878,0.224679848,0.282807934,0.311592556,0.272757337,0.352390228,E14000879,25.55048785,68.84074439
"Plymouth, Sutton and Devonport",0.249117665,0.21660259,0.279477299,0.384805591,0.349864143,0.428556389,E14000880,24.91176651,61.51944093
Pontypridd,0.255172886,0.224050701,0.289218217,0.357835694,0.322726985,0.399167879,W07000075,25.51728863,64.21643061
Poole,0.275009439,0.244619632,0.307778543,0.329888209,0.292362777,0.364228795,E14000881,27.5009439,67.01117908
Poplar and Limehouse,0.224839559,0.196528491,0.254020778,0.353475277,0.307751221,0.383674568,E14000882,22.48395594,64.65247226
Portsmouth North,0.271038793,0.23898195,0.296556138,0.298435018,0.258667591,0.336006268,E14000883,27.10387933,70.15649818
Portsmouth South,0.245334677,0.212708438,0.273545676,0.368624526,0.330660406,0.406309053,E14000884,24.53346766,63.1375474
Preseli Pembrokeshire,0.266693589,0.233377397,0.295140114,0.322398555,0.283109393,0.358675459,W07000065,26.66935894,67.7601445
Preston,0.218565265,0.183702711,0.245557554,0.30940106,0.273104174,0.341233156,E14000885,21.85652655,69.05989397
Pudsey,0.257218447,0.226595873,0.287987698,0.343113167,0.306641131,0.38081223,E14000886,25.72184473,65.68868333
Putney,0.27550581,0.247500467,0.314089446,0.389302383,0.3463457,0.423787156,E14000887,27.550581,61.06976174
Rayleigh and Wickford,0.28737064,0.253360754,0.322654888,0.287313016,0.24172422,0.320660817,E14000888,28.73706399,71.26869844
Reading East,0.273136945,0.244205731,0.308988612,0.375306094,0.331478685,0.409028595,E14000889,27.3136945,62.46939059
Reading West,0.269390059,0.246246384,0.305480652,0.331039497,0.30016417,0.36751775,E14000890,26.93900591,66.89605033
Redcar,0.232769074,0.203675573,0.26542191,0.302995054,0.268169317,0.341045542,E14000891,23.27690745,69.70049462
Redditch,0.261404149,0.225790556,0.288694583,0.304417736,0.27051045,0.34618604,E14000892,26.14041493,69.5582264
Reigate,0.287675521,0.255437955,0.315027826,0.347083877,0.306268958,0.37869724,E14000893,28.76755212,65.29161229
Rhondda,0.226361477,0.194139872,0.260505646,0.307718979,0.268411605,0.346776424,W07000052,22.63614773,69.2281021
Ribble Valley,0.272122771,0.240967521,0.305403312,0.306348142,0.269422569,0.343152013,E14000894,27.21227709,69.36518579
Richmond (Yorks) ,0.272134952,0.239970288,0.302710686,0.322503801,0.281452756,0.36044579,E14000895,27.21349515,67.74961995
Richmond Park,0.290417388,0.2489509,0.330127345,0.406107168,0.364453456,0.452226971,E14000896,29.04173876,59.38928319
Rochdale,0.223138365,0.191094205,0.258882268,0.28467903,0.248681571,0.326785662,E14000897,22.31383648,71.53209702
Rochester and Strood,0.275365748,0.247576311,0.309901661,0.307575028,0.273368877,0.341139972,E14000898,27.53657476,69.24249717
Rochford and Southend East,0.261323102,0.229128135,0.291817415,0.314738403,0.284893703,0.355583077,E14000899,26.13231019,68.52615965
Romford,0.274009332,0.243357551,0.306107502,0.284060192,0.255848019,0.31703312,E14000900,27.40093324,71.59398082
Romsey and Southampton North,0.294504597,0.263051766,0.324664044,0.356590421,0.324394204,0.39604679,E14000901,29.45045972,64.34095788
"Ross, Skye and Lochaber",0.215172754,0.178124759,0.253254152,0.356723622,0.313580692,0.394615286,S14000055,21.51727539,64.32763784
Rossendale and Darwen,0.25879661,0.229558664,0.293910376,0.304266887,0.270687286,0.338306461,E14000902,25.87966104,69.57331127
Rother Valley,0.24541965,0.212124822,0.280780838,0.305746675,0.264273263,0.346363764,E14000903,24.54196501,69.42533247
Rotherham,0.219229292,0.186326975,0.258404696,0.283348516,0.236629282,0.321855772,E14000904,21.92292921,71.66514844
Rugby,0.266760412,0.233994703,0.297710358,0.322160377,0.291907615,0.362328976,E14000905,26.67604121,67.78396227
"Ruislip, Northwood and Pinner",0.301589474,0.272881978,0.335347814,0.321638896,0.288569023,0.360796373,E14000906,30.15894738,67.83611041
Runnymede and Weybridge,0.290173773,0.261689407,0.32290513,0.347132937,0.313358564,0.379520685,E14000907,29.01737732,65.28670633
Rushcliffe,0.280450589,0.246004299,0.315246046,0.372817555,0.330369739,0.415713942,E14000908,28.04505885,62.71824454
Rutherglen and Hamilton West,0.212814944,0.182060428,0.243761173,0.339785527,0.301692153,0.381291795,S14000056,21.28149435,66.02144726
Rutland and Melton,0.283530316,0.258128611,0.313037612,0.335842658,0.305932078,0.371111775,E14000909,28.35303158,66.41573418
Saffron Walden,0.29088771,0.255837323,0.323065997,0.335487239,0.292841427,0.370976263,E14000910,29.08877104,66.45127614
Salford and Eccles,0.220454362,0.1923469,0.249685434,0.335138363,0.301392251,0.376020599,E14000911,22.04543615,66.48616368
Salisbury,0.277694532,0.240310363,0.307139073,0.358948497,0.32042447,0.393213087,E14000912,27.76945319,64.10515026
Scarborough and Whitby,0.25185788,0.220192094,0.283855124,0.310536249,0.274235548,0.354863584,E14000913,25.18578799,68.94637512
Scunthorpe,0.239693306,0.208792162,0.26747751,0.279941413,0.240741834,0.311576637,E14000914,23.96933063,72.00585872
Sedgefield,0.249195308,0.217800384,0.282827152,0.311938926,0.27973368,0.349602037,E14000915,24.91953085,68.80610745
Sefton Central,0.254944794,0.216975758,0.289868598,0.35037258,0.314447289,0.3918188,E14000916,25.49447942,64.96274197
Selby and Ainsty,0.265518442,0.232309449,0.295228003,0.314934035,0.277167698,0.352833454,E14000917,26.55184422,68.50659654
Sevenoaks,0.295537211,0.271939456,0.329636232,0.325609194,0.290489963,0.362562211,E14000918,29.55372109,67.43908063
Sheffield Central,0.236531136,0.196062666,0.270495108,0.402266015,0.363176885,0.44018545,E14000919,23.65311362,59.77339852
Sheffield South East,0.222720272,0.18933286,0.25614486,0.287478818,0.248499272,0.326273506,E14000920,22.2720272,71.25211816
"Sheffield, Brightside and Hillsborough",0.208158056,0.175327511,0.239427591,0.296678411,0.256433876,0.331619117,E14000921,20.81580556,70.33215887
"Sheffield, Hallam",0.260670967,0.225172764,0.29426268,0.402319962,0.364860482,0.44703766,E14000922,26.06709667,59.76800381
"Sheffield, Heeley",0.228013452,0.196401188,0.266770309,0.321442974,0.282918382,0.359069433,E14000923,22.80134525,67.85570258
Sherwood,0.259434766,0.225434268,0.287139266,0.313458821,0.275419273,0.347434524,E14000924,25.94347655,68.65411785
Shipley,0.257056759,0.224939751,0.28734413,0.327839329,0.288487411,0.359896061,E14000925,25.70567587,67.21606711
Shrewsbury and Atcham,0.265319754,0.230114778,0.290744452,0.331949945,0.288330745,0.371224361,E14000926,26.53197535,66.80500552
Sittingbourne and Sheppey,0.267410063,0.23274165,0.297848545,0.297382903,0.26143252,0.342419527,E14000927,26.74100628,70.26170971
Skipton and Ripon,0.279944972,0.250161215,0.316145203,0.317534765,0.279949591,0.356012431,E14000928,27.99449717,68.24652351
Sleaford and North Hykeham,0.278995903,0.248802671,0.307230889,0.316223083,0.280112724,0.352350483,E14000929,27.89959029,68.3776917
Slough,0.238522576,0.20904521,0.274179832,0.28168028,0.24028089,0.31610819,E14000930,23.85225757,71.831972
Solihull,0.288148287,0.258154883,0.316808113,0.312103557,0.275949531,0.350994422,E14000931,28.81482869,68.78964435
Somerton and Frome,0.290457787,0.261135118,0.328386264,0.361748562,0.328451481,0.410545957,E14000932,29.04577869,63.82514381
South Basildon and East Thurrock,0.259160293,0.223822955,0.296690781,0.290768823,0.254048575,0.330362122,E14000933,25.91602931,70.92311772
South Cambridgeshire,0.284797635,0.247007689,0.317088366,0.371069837,0.328783232,0.404406531,E14000934,28.47976352,62.89301634
South Derbyshire,0.275453813,0.245138087,0.307522344,0.319278335,0.280981204,0.353859867,E14000935,27.54538131,68.07216649
South Dorset,0.27375895,0.242808818,0.306034936,0.341629598,0.301961981,0.380055643,E14000936,27.37589498,65.83704016
South East Cambridgeshire,0.278714443,0.24703658,0.311483447,0.368126895,0.330683416,0.414357537,E14000937,27.87144426,63.18731053
South East Cornwall,0.276650479,0.24368185,0.30422848,0.335511038,0.290555137,0.366676609,E14000938,27.66504791,66.44889621
South Holland and the Deepings,0.273566747,0.244371508,0.303503499,0.28120638,0.245666496,0.321453245,E14000939,27.35667471,71.87936195
South Leicestershire,0.277200512,0.240148363,0.308545061,0.315823871,0.277911542,0.352657953,E14000940,27.72005116,68.41761286
South Norfolk,0.29128565,0.264595653,0.323171563,0.344119236,0.314264219,0.379843859,E14000941,29.12856505,65.58807643
South Northamptonshire,0.283934659,0.250265665,0.316065615,0.341534657,0.29811024,0.374905841,E14000942,28.39346589,65.84653433
South Ribble,0.26717609,0.233725207,0.299514993,0.306704346,0.268150089,0.343326092,E14000943,26.71760896,69.32956538
South Shields,0.214337608,0.176137952,0.252538547,0.315366411,0.273086537,0.359240256,E14000944,21.43376084,68.46335892
South Staffordshire,0.287502692,0.258923307,0.324343741,0.293417743,0.259217214,0.330653518,E14000945,28.75026921,70.6582257
South Suffolk,0.286683368,0.259521206,0.316874805,0.319586354,0.283549158,0.35475502,E14000946,28.66833684,68.0413646
South Swindon,0.260934749,0.230343419,0.292899407,0.341346099,0.307530976,0.382343283,E14000947,26.09347489,65.86539011
South Thanet,0.264260936,0.233235852,0.291758287,0.301222641,0.257895938,0.335316384,E14000948,26.4260936,69.87773592
South West Bedfordshire,0.28441402,0.258483462,0.319076489,0.320137981,0.283243345,0.353557585,E14000949,28.441402,67.98620185
South West Devon,0.298706319,0.27210923,0.33487616,0.345887338,0.309843501,0.381582676,E14000950,29.87063186,65.41126624
South West Hertfordshire,0.287229541,0.245307598,0.334704368,0.370859775,0.31972235,0.423287372,E14000951,28.72295411,62.91402248
South West Norfolk,0.274492195,0.242692984,0.30497243,0.299434703,0.269555107,0.342095015,E14000952,27.44921952,70.05652968
South West Surrey,0.299066759,0.265075971,0.333320205,0.357039086,0.316503809,0.389924706,E14000953,29.90667585,64.2960914
South West Wiltshire,0.276572808,0.244350126,0.313652426,0.34601523,0.313141271,0.391208894,E14000954,27.65728081,65.39847705
"Southampton, Itchen",0.255517454,0.222703176,0.285132916,0.329701876,0.293862142,0.363802269,E14000955,25.55174541,67.02981238
"Southampton, Test",0.248729538,0.217614662,0.277993304,0.351991638,0.320377838,0.386726636,E14000956,24.87295375,64.80083621
Southend West,0.279957634,0.247144801,0.309976411,0.324806259,0.287271214,0.369103691,E14000957,27.99576337,67.51937411
Southport,0.264127478,0.233757181,0.295354297,0.31929311,0.280672903,0.35358049,E14000958,26.41274776,68.07068898
Spelthorne,0.278413211,0.248063688,0.310303896,0.303703747,0.264195126,0.334020026,E14000959,27.84132115,69.62962527
St Albans,0.27598083,0.242591515,0.309142787,0.39201711,0.351104271,0.445276556,E14000960,27.59808297,60.79828903
St Austell and Newquay,0.254951265,0.221522285,0.286757182,0.325697662,0.286268572,0.362794183,E14000961,25.49512649,67.43023377
St Helens North,0.232717118,0.204403012,0.267124366,0.307090065,0.266567468,0.34426841,E14000962,23.27171179,69.29099354
St Helens South and Whiston,0.225113988,0.193508978,0.263694441,0.319961007,0.286015766,0.357966077,E14000963,22.5113988,68.00389929
St Ives,0.267734276,0.232483587,0.304636969,0.348455073,0.304784484,0.389861102,E14000964,26.77342759,65.15449271
Stafford,0.273151764,0.241835617,0.303946634,0.33063432,0.293932555,0.374328664,E14000965,27.31517643,66.93656796
Staffordshire Moorlands,0.278762552,0.246689047,0.307870467,0.295665052,0.263168515,0.336782991,E14000966,27.87625516,70.43349483
Stalybridge and Hyde,0.239852338,0.211716803,0.274006377,0.299139185,0.262695527,0.337729134,E14000967,23.98523382,70.08608149
Stevenage,0.257979884,0.223717297,0.282918339,0.334356922,0.301540437,0.376778606,E14000968,25.79798835,66.56430781
Stirling,0.241816472,0.20558554,0.286052207,0.386328341,0.339253626,0.443435848,S14000057,24.18164715,61.36716586
Stockport,0.230939661,0.199741106,0.258362831,0.329023091,0.294552773,0.364862393,E14000969,23.09396611,67.09769086
Stockton North,0.224227282,0.188565135,0.254686873,0.302914367,0.268270408,0.338452286,E14000970,22.42272823,69.70856334
Stockton South,0.255333913,0.224372998,0.291885755,0.32463433,0.279785683,0.3645307,E14000971,25.53339134,67.53656703
Stoke-on-Trent Central,0.235600593,0.196058392,0.264739023,0.290845535,0.249553143,0.324870117,E14000972,23.56005933,70.91544649
Stoke-on-Trent North,0.244274398,0.215563348,0.275069587,0.269292051,0.227526178,0.302904632,E14000973,24.42743983,73.07079485
Stoke-on-Trent South,0.248961832,0.218141855,0.283537122,0.270953798,0.233579463,0.307887748,E14000974,24.89618318,72.90462019
Stone,0.287870713,0.258589289,0.321205513,0.316008171,0.2781368,0.354103956,E14000975,28.78707125,68.39918293
Stourbridge,0.263359911,0.231917017,0.291913241,0.293084069,0.256009447,0.329423353,E14000976,26.33599113,70.69159315
Stratford-on-Avon,0.290331856,0.258090161,0.326686557,0.326486544,0.28579734,0.360996856,E14000977,29.03318557,67.35134558
Streatham,0.254272342,0.219095497,0.286298417,0.398464399,0.357621111,0.437782158,E14000978,25.42723424,60.15356015
Stretford and Urmston,0.223821737,0.194599324,0.253345334,0.320903378,0.281997937,0.358363173,E14000979,22.38217372,67.90966218
Stroud,0.278120136,0.245560959,0.318776219,0.379869,0.338316653,0.43020556,E14000980,27.81201356,62.0131
Suffolk Coastal,0.28356144,0.254554564,0.319736087,0.329198861,0.291689098,0.366499628,E14000981,28.35614401,67.08011394
Sunderland Central,0.2307181,0.192251505,0.261916844,0.313436549,0.272686726,0.359245127,E14000982,23.07180998,68.65634513
Surrey Heath,0.289069676,0.250876489,0.315681635,0.326987199,0.289849206,0.358715561,E14000983,28.90696755,67.30128014
Sutton and Cheam,0.282451648,0.246031372,0.318496291,0.326161648,0.290834375,0.36169508,E14000984,28.2451648,67.38383521
Sutton Coldfield,0.290111679,0.257491378,0.318706851,0.322814439,0.282404735,0.353779996,E14000985,29.01116795,67.71855613
Swansea East,0.234793779,0.199938808,0.272429737,0.314877796,0.275121183,0.353378393,W07000048,23.4793779,68.51222041
Swansea West,0.258839803,0.219032865,0.293459076,0.369196163,0.324872829,0.406434972,W07000047,25.88398028,63.08038373
Tamworth,0.268933736,0.240404837,0.300591827,0.290832742,0.246674128,0.326529731,E14000986,26.89337363,70.91672582
Tatton,0.28271413,0.250376922,0.313987844,0.333827803,0.294746782,0.373780268,E14000987,28.271413,66.61721969
Taunton Deane,0.274420893,0.240463831,0.311573283,0.343067661,0.303223447,0.380497068,E14000988,27.44208931,65.6932339
Telford,0.249037996,0.219235723,0.277401516,0.296776066,0.264029571,0.331988345,E14000989,24.90379965,70.32239335
Tewkesbury,0.285396158,0.257446095,0.31442199,0.346053475,0.313018264,0.382083653,E14000990,28.53961576,65.39465255
The Cotswolds,0.291362823,0.262831668,0.32535843,0.358919898,0.31715986,0.397963008,E14000991,29.13628233,64.10801018
The Wrekin,0.272454584,0.236179024,0.299351294,0.310163524,0.275141113,0.34895394,E14000992,27.24545838,68.98364757
Thirsk and Malton,0.273248012,0.243824556,0.308929498,0.310668654,0.270349539,0.3509635,E14000993,27.3248012,68.93313456
Thornbury and Yate,0.281953598,0.245168043,0.310286601,0.340695337,0.299673514,0.377519517,E14000994,28.19535979,65.93046625
Thurrock,0.251319944,0.216046185,0.285739384,0.292812094,0.255979675,0.332811108,E14000995,25.13199436,70.71879065
Tiverton and Honiton,0.278596497,0.2483096,0.306337693,0.331774162,0.29437797,0.369074946,E14000996,27.85964974,66.8225838
Tonbridge and Malling,0.289469931,0.256047001,0.315732267,0.332436931,0.298595666,0.371738198,E14000997,28.94699313,66.75630687
Tooting,0.253935379,0.214635944,0.283899853,0.399393028,0.359384924,0.437327618,E14000998,25.39353792,60.06069724
Torbay,0.26456604,0.230872196,0.293471935,0.318853203,0.2840422,0.357461587,E14000999,26.456604,68.11467974
Torfaen,0.246020492,0.212606119,0.281902529,0.316348598,0.272337195,0.365044198,W07000053,24.6020492,68.36514022
Torridge and West Devon,0.276368303,0.241747159,0.304383131,0.332522876,0.289297877,0.372488492,E14001000,27.63683032,66.74771237
Totnes,0.27668995,0.247693297,0.3058267,0.342601639,0.307694956,0.382730363,E14001001,27.66899499,65.73983609
Tottenham,0.233315915,0.199639407,0.262814504,0.358599168,0.324301242,0.395371767,E14001002,23.33159146,64.14008324
Truro and Falmouth,0.275145175,0.243418267,0.305983217,0.376017323,0.337503514,0.410305499,E14001003,27.51451754,62.39826773
Tunbridge Wells,0.288178969,0.259190911,0.321931919,0.349270908,0.308681384,0.386909444,E14001004,28.81789685,65.07290916
Twickenham,0.283455402,0.24381102,0.321375571,0.388115464,0.348403889,0.43152929,E14001005,28.34554017,61.18845361
Tynemouth,0.247376584,0.214382076,0.280920239,0.346757951,0.304675237,0.381006213,E14001006,24.73765841,65.32420485
Uxbridge and South Ruislip,0.277387058,0.250254462,0.311702964,0.309154545,0.274427919,0.34327825,E14001007,27.73870576,69.08454549
Vale of Clwyd,0.260022331,0.227039484,0.2958635,0.310677805,0.267212963,0.348490277,W07000060,26.00223311,68.93221949
Vale of Glamorgan,0.27932634,0.24594681,0.315506088,0.33758793,0.297484023,0.379598002,W07000078,27.93263397,66.24120697
Vauxhall,0.247112948,0.211252805,0.274489254,0.399484664,0.360621254,0.440734282,E14001008,24.71129478,60.05153358
Wakefield,0.235193746,0.20880445,0.270038795,0.303468395,0.273683257,0.347331759,E14001009,23.5193746,69.65316054
Wallasey,0.224643431,0.187518179,0.254187955,0.325417659,0.286656924,0.361139057,E14001010,22.46434305,67.45823411
Walsall North,0.241148023,0.213829097,0.274941869,0.260486036,0.223747332,0.293525948,E14001011,24.11480229,73.95139642
Walsall South,0.234136176,0.20582445,0.262882476,0.272127493,0.237432349,0.310829061,E14001012,23.41361755,72.78725068
Walthamstow,0.225940803,0.192275274,0.257108035,0.349895585,0.317379312,0.388338422,E14001013,22.59408026,65.01044148
Wansbeck,0.240453152,0.208063987,0.274700999,0.312738703,0.271660197,0.350885172,E14001014,24.04531518,68.72612966
Wantage,0.285374077,0.256703491,0.315853878,0.349024366,0.305351769,0.385647218,E14001015,28.53740771,65.09756344
Warley,0.22179403,0.191824476,0.253812059,0.272553497,0.22583938,0.306156728,E14001016,22.17940295,72.74465033
Warrington North,0.245348121,0.221102894,0.280325307,0.311907962,0.284519248,0.349683715,E14001017,24.53481208,68.80920376
Warrington South,0.261249398,0.231825907,0.289943415,0.32680957,0.28882294,0.3640627,E14001018,26.12493983,67.31904295
Warwick and Leamington,0.262914924,0.225506569,0.289604581,0.37362634,0.334587534,0.414452106,E14001019,26.29149243,62.63736599
Washington and Sunderland West,0.225258158,0.187314296,0.259218046,0.303587216,0.263311586,0.34042998,E14001020,22.5258158,69.64127844
Watford,0.257592363,0.227464207,0.293779727,0.339189147,0.300586152,0.37837161,E14001021,25.75923631,66.08108533
Waveney,0.274202469,0.249013745,0.305770758,0.3018345,0.27057143,0.338850099,E14001022,27.42024686,69.81654997
Wealden,0.296522674,0.26544447,0.323215661,0.330372485,0.292364044,0.363790444,E14001023,29.6522674,66.96275148
Weaver Vale,0.252849769,0.226310906,0.285869737,0.323421526,0.288464426,0.360848021,E14001024,25.2849769,67.6578474
Wellingborough,0.262671343,0.229471027,0.297406592,0.314594437,0.277745942,0.353351388,E14001025,26.26713435,68.54055635
Wells,0.276247446,0.245446208,0.31189705,0.335690402,0.292754262,0.373823233,E14001026,27.62474456,66.43095983
Welwyn Hatfield,0.268188256,0.237686422,0.296982321,0.347687593,0.309207374,0.382761917,E14001027,26.8188256,65.23124066
Wentworth and Dearne,0.22043963,0.186499494,0.250194632,0.285709813,0.240866801,0.32110111,E14001028,22.04396299,71.42901866
West Aberdeenshire and Kincardine,0.260324691,0.224946657,0.292502132,0.350731016,0.313672998,0.385767063,S14000058,26.03246905,64.92689843
West Bromwich East,0.234094716,0.202240344,0.266765003,0.261468196,0.220452384,0.296971409,E14001029,23.40947156,73.85318037
West Bromwich West,0.239690909,0.210291672,0.275461798,0.265498328,0.227148986,0.300879972,E14001030,23.96909092,73.45016723
West Dorset,0.287701034,0.254764234,0.323191462,0.348314806,0.310572659,0.386795259,E14001031,28.77010342,65.1685194
West Dunbartonshire,0.203518444,0.175467622,0.238318772,0.351850825,0.315049254,0.389760233,S14000059,20.3518444,64.81491752
West Ham,0.220334222,0.191854995,0.25079698,0.309454529,0.268997259,0.341815963,E14001032,22.03342221,69.0545471
West Lancashire,0.247712839,0.218524179,0.292112874,0.329196876,0.29338506,0.360955234,E14001033,24.77128385,67.08031244
West Suffolk,0.271326549,0.241598544,0.303807069,0.309018822,0.266440425,0.350972751,E14001034,27.13265492,69.09811785
West Worcestershire,0.29038109,0.257759749,0.320966314,0.332742493,0.294167284,0.373584867,E14001035,29.03810905,66.72575069
Westminster North,0.256069685,0.227527202,0.294180603,0.353526891,0.313918334,0.392198256,E14001036,25.60696854,64.64731094
Westmorland and Lonsdale,0.265611898,0.230051381,0.297047284,0.336274928,0.296057347,0.380053991,E14001037,26.56118981,66.37250724
Weston-Super-Mare,0.271210276,0.237870478,0.307693161,0.327496293,0.287218891,0.363722142,E14001038,27.12102761,67.25037073
Wigan,0.229013472,0.197899874,0.259802084,0.300020877,0.261402302,0.340248115,E14001039,22.90134724,69.99791233
Wimbledon,0.280236041,0.237947236,0.307403765,0.39686506,0.35791084,0.436756338,E14001040,28.02360407,60.31349404
Winchester,0.296365154,0.265192252,0.334210635,0.374358357,0.338615584,0.414099686,E14001041,29.6365154,62.56416427
Windsor,0.292480469,0.261264962,0.325406032,0.352160517,0.316760747,0.390704039,E14001042,29.2480469,64.7839483
Wirral South,0.254397387,0.222624417,0.286838233,0.335792223,0.292619924,0.369939445,E14001043,25.43973874,66.42077774
Wirral West,0.260698818,0.229456065,0.289918573,0.344825815,0.310508419,0.380245747,E14001044,26.06988182,65.51741848
Witham,0.286163634,0.258044119,0.319215071,0.322474036,0.284934504,0.354217919,E14001045,28.61636339,67.75259639
Witney,0.287602824,0.252786746,0.31679726,0.350346067,0.315045176,0.389891926,E14001046,28.76028239,64.96539334
Woking,0.286989097,0.25905022,0.320493197,0.347228006,0.30670308,0.382180329,E14001047,28.69890965,65.2771994
Wokingham,0.29340894,0.266402169,0.326672009,0.361745082,0.325077642,0.405416377,E14001048,29.34089401,63.82549181
Wolverhampton North East,0.238050003,0.206956213,0.267118886,0.283044238,0.247616661,0.322983863,E14001049,23.80500034,71.69557617
Wolverhampton South East,0.231959245,0.203014836,0.270379527,0.266273213,0.234826685,0.30854104,E14001050,23.19592447,73.37267869
Wolverhampton South West,0.25974089,0.231087186,0.292032085,0.296218549,0.260257948,0.335456199,E14001051,25.974089,70.37814515
Worcester,0.262860379,0.236410076,0.295188648,0.333932941,0.29683781,0.373031616,E14001052,26.28603793,66.60670587
Workington,0.248000953,0.211475809,0.278327332,0.290081934,0.249727668,0.326478434,E14001053,24.80009526,70.99180664
Worsley and Eccles South,0.232585807,0.193587007,0.255809986,0.299139701,0.263626346,0.337709345,E14001054,23.25858073,70.08602993
Worthing West,0.285507406,0.251634037,0.320108406,0.325229246,0.291027743,0.361863574,E14001055,28.55074055,67.47707544
Wrexham,0.251419993,0.216061093,0.287275013,0.320742775,0.276998471,0.359646696,W07000044,25.14199932,67.92572253
Wycombe,0.269797202,0.238312097,0.306765905,0.330301404,0.294358734,0.368577211,E14001056,26.97972019,66.9698596
Wyre and Preston North,0.281819944,0.247380514,0.309055877,0.305626682,0.26925087,0.346496104,E14001057,28.18199439,69.43733184
Wyre Forest,0.274803948,0.243315119,0.303515508,0.291639001,0.253398702,0.327213461,E14001058,27.48039483,70.83609991
Wythenshawe and Sale East,0.230690551,0.201524503,0.265228808,0.318343775,0.282058777,0.359001875,E14001059,23.0690551,68.16562254
Yeovil,0.273250707,0.244146186,0.307693086,0.336276775,0.297453118,0.382264854,E14001060,27.32507068,66.37232249
Ynys Mon,0.240418472,0.192887494,0.283447931,0.338202617,0.289759366,0.388002292,W07000041,24.0418472,66.17973832
York Central,0.23698629,0.203951899,0.268419233,0.388845286,0.355379907,0.434611067,E14001061,23.69862901,61.11547144
York Outer,0.278013251,0.245740684,0.311767218,0.348151144,0.310391604,0.386915703,E14001062,27.80132514,65.18488564
